INSERT INTO VIDEO_GAMES VALUES ('Grand Theft Auto 5', 59.99, 'Action-adventure','The story of 3 uniquely different criminals as they commit daring and profitable heists across the sprawiling city of Los Santos. Michael is an ex-con whose past catches up to him when previous crime partner Trevor starts making a name for himself as a drug-lord of Sandy Shores.', 1,'A','2000-02-27' );
INSERT INTO VIDEO_GAMES VALUES ('Hollywood Dead', 49.99, 'First-person shooter','recapping the story from the beginning to Rise of Iron. Since its launch, Destiny has grown into a huge game bolstered by multiple DLC drops. Each Destiny expansion has progressed the story, and if youa are jumping into Rise of Iron for the first time, the plot might be a little hazy.', 2,'M','2010-10-02' );
INSERT INTO VIDEO_GAMES VALUES ('BardWire', 59.99, 'Phycological thriller','It makes use of the historic figures that shaped Japans history, retelling their stories with supernatural elements. ', 2,'M','2000-01-14' );
INSERT INTO VIDEO_GAMES VALUES ('Never Alone', 59.99, 'First-person shooter','Set in 1899 in a fictionalized version of the Western United States, the story centers on outlaw Arthur Morgan, a member of the Van der Linde gang dealing with the decline of the Wild West whilst attempting to survive against government forces, rival gangs, and other enemies.', 2,'M','1998-02-22' );
INSERT INTO VIDEO_GAMES VALUES ('Rock Unchanged', 29.99, 'Stealh game','Revelations, the game explores the life of an 18th-century assassin in Colonial America during the American Revolution; a half-English, half-Mohawk man named Ratonhnhaké:ton, also known as Connor, whose father is Grand Master of the Templar Order in the colonies.', 2,'E10+','2011-02-08' );
INSERT INTO VIDEO_GAMES VALUES ('Die Frame', 17.00, 'Thriller',' The illegitimate son of Andrew Ryan and his mistress, Jack is the hero of the first BioShock. He is smuggled out of Rapture in 1956, but returns in 1960 as a young adult thanks to ADAMs ability to accelerate aging', 2,'M','2002-05-11' );
INSERT INTO VIDEO_GAMES VALUES ('Old School Hood', 59.99, 'Sports game','Introduced a new single-player story campaign mode, "The Journey", for PS4, Xbox One and Windows. Players assume the role of Alex Hunter (voiced and modeled by Adetomiwa Edun), a young footballer trying to make his mark in the Premier League. ... Alex Hunter is a fictional 17-year-old male from Clapham, London.', 2,'E','2005-02-09' );
INSERT INTO USER_ACCOUNT VALUES ('bobbyflei','Grand Theft Auto 5','bobbyflei@gmail.com',6666,'Bob', '1999-01-01');
INSERT INTO USER_ACCOUNT VALUES ('shadowMist','Old School Hood','shadowMist@gmail.com',5555,'Misty', '1999-02-02');
INSERT INTO USER_ACCOUNT VALUES ('lucasworld','Hollywood Dead', 'lucasworld@gmail.com',4444,'Lucas','1999-03-03');
INSERT INTO USER_ACCOUNT VALUES ('coolio_lives','BardWire', 'coolio_lives@gmail.com',3333,'Kouly','1999-04-04');
INSERT INTO USER_ACCOUNT VALUES ('worldcupper','Never Alone', 'worldcupper@gmail.com', 2222, 'Cumberbatch','1999-05-05');
INSERT INTO USER_ACCOUNT VALUES ('beluga12','Rock Unchanged', 'beluga12@gmail.com', 1111,'Bella','1999-06-06');
INSERT INTO USER_ACCOUNT VALUES ('neverseen00','Die Frame', 'neverseen00@gmail.com',000,'Mue','1999-07-07');
INSERT INTO RECEIVES VALUES ('Grand Theft Auto 5', 'bobbyflei');
INSERT INTO RECEIVES VALUES ('Hollywood Dead','lucasworld' );
INSERT INTO RECEIVES VALUES ('BardWire', 'coolio_lives');
INSERT INTO RECEIVES VALUES ('Never Alone', 'worldcupper');
INSERT INTO RECEIVES VALUES ('Rock Unchanged','beluga12' );
INSERT INTO RECEIVES VALUES ('Die Frame', 'neverseen00');
INSERT INTO RECEIVES VALUES ('Old School Hood','shadowMist' );
INSERT INTO REVIEWS VALUES ('Grand Theft Auto 5', 'bobbyflei', 'very nice game', '2000-02-28',5, 30 );
INSERT INTO REVIEWS VALUES ('Hollywood Dead','lucasworld', 'hate every second of my time playing','2010-10-04', 2, 15 );
INSERT INTO REVIEWS VALUES ('BardWire', 'coolio_lives', 'it was not as exciting as the trailers', '2000-01-16', 3.5, 22);
INSERT INTO REVIEWS VALUES ('Never Alone', 'worldcupper','This game left me speechless. Need to buy!!!','1998-03-22' , 5, 40);
INSERT INTO REVIEWS VALUES ('Rock Unchanged','beluga12', 'Playing as an assasing in the 18th century, what else can I say. AWESOME!','2011-02-08' , 5, 44 );
INSERT INTO REVIEWS VALUES ('Die Frame', 'neverseen00', 'While th egameplay was interesting, the story was confusing to say the most','2002-05-11', 3.5, 17 );
INSERT INTO REVIEWS VALUES ('Old School Hood','shadowMist', 'FIFA fan1It does not get any better than this', '2005-02-09', 5,33);
INSERT INTO USER_LIBRARY VALUES (111,'Grand Theft Auto 5', '2000-02-28');
INSERT INTO USER_LIBRARY VALUES (222, 'Old School Hood', '2005-02-09');
INSERT INTO USER_LIBRARY VALUES (111, 'Old School Hood','2005-02-10');
INSERT INTO USER_LIBRARY VALUES (333,'Hollywood Dead','2010-10-04');
INSERT INTO USER_LIBRARY VALUES (444,'BardWire','2000-01-16');
INSERT INTO USER_LIBRARY VALUES (555,'Never Alone','1998-03-22');
INSERT INTO USER_LIBRARY VALUES (666,'Rock Unchanged','2011-02-08');
INSERT INTO USER_LIBRARY VALUES (777,'Rock Unchanged','2011-02-010');
INSERT INTO USER_LIBRARY VALUES (777,'Die Frame','2002-05-11');
INSERT INTO BELONGS_IN VALUES (111,'Grand Theft Auto 5');
INSERT INTO BELONGS_IN VALUES (111, 'Old School Hood');
INSERT INTO BELONGS_IN VALUES (333,'Hollywood Dead');
INSERT INTO BELONGS_IN VALUES (444,'BardWire');
INSERT INTO BELONGS_IN VALUES (555,'Never Alone');
INSERT INTO BELONGS_IN VALUES (666,'Rock Unchanged');
INSERT INTO BELONGS_IN VALUES (777,'Die Frame');
INSERT INTO BELONGS_IN VALUES (777, 'Rock Unchanged');
INSERT INTO BELONGS_IN VALUES (222, 'Old School Hood');
INSERT INTO BUYS VALUES ('bobbyflei','Grand Theft Auto 5');
INSERT INTO BUYS VALUES ('bobbyflei','Old School Hood');
INSERT INTO BUYS VALUES ('shadowMist','Old School Hood');
INSERT INTO BUYS VALUES ('lucasworld','Hollywood Dead');
INSERT INTO BUYS VALUES ('coolio_lives','BardWire');
INSERT INTO BUYS VALUES ('worldcupper','Never Alone');
INSERT INTO BUYS VALUES ('beluga12','Rock Unchanged');
INSERT INTO BUYS VALUES ('neverseen00','Die Frame');
INSERT INTO BUYS VALUES ('neverseen00','Rock Unchanged');
INSERT INTO WISHLIST VALUES (12,'Never Alone','1998-04-22','beluga12');
INSERT INTO WISHLIST VALUES (34,'Rock Unchanged','2011-02-08','worldcupper');
INSERT INTO WISHLIST VALUES (56,'Die Frame','2002-05-11','worldcupper');
INSERT INTO WISHLIST VALUES (78,'Rock Unchanged','2011-05-05','lucasworld');
INSERT INTO WISHLIST VALUES (90,'Rock Unchanged','2011-06-06','bobbyflei');
INSERT INTO HOLDS VALUES(12,'Never Alone');
INSERT INTO HOLDS VALUES (34,'Rock Unchanged');
INSERT INTO HOLDS VALUES (56,'Die Frame');
INSERT INTO HOLDS VALUES (78,'Rock Unchanged');
INSERT INTO HOLDS VALUES (90,'Rock Unchanged');
INSERT INTO HAS VALUES(12,'beluga12');
INSERT INTO HAS VALUES (34,'worldcupper');
INSERT INTO HAS VALUES (56,'worldcupper');
INSERT INTO HAS VALUES (78,'lucasworld');
INSERT INTO HAS VALUES (90,'bobbyflei');
INSERT INTO POSSESS VALUES (111,'bobbyflei');
INSERT INTO POSSESS VALUES (222,'shadowMist');
INSERT INTO POSSESS VALUES (333,'lucasworld');
INSERT INTO POSSESS VALUES (444,'coolio_lives');
INSERT INTO POSSESS VALUES (555,'worldcupper');
INSERT INTO POSSESS VALUES (666,'beluga12');
INSERT INTO POSSESS VALUES (777,'neverseen00');